name,alpha-2,alpha-3,country-code,iso_3166-2,region,sub-region,intermediate-region,region-code,sub-region-code,intermediate-region-code,capital-city,currency,currency-code,population
Afghanistan,AF,AFG,4,ISO 3166-2:AF,Asia,Southern Asia,,142,34,,Kabul,Afghani,AFA,26813057
Australia,AU,AUS,36,ISO 3166-2:AU,Oceania,Australia and New Zealand,,9,53,,Canberra,Australian dollar,AUD,19357594
Bolivia (Plurinational State of),BO,BOL,68,ISO 3166-2:BO,Americas,Latin America and the Caribbean,South America,19,419,5,La Paz /Sucre,Boliviano,BOB,8300463
Bulgaria,BG,BGR,100,ISO 3166-2:BG,Europe,Eastern Europe,,150,151,,Sofia,Lev,BGL,7707495
Sri Lanka,LK,LKA,144,ISO 3166-2:LK,Asia,Southern Asia,,142,34,,Colombo,Sri Lanka Rupee,LKR,19408635
Costa Rica,CR,CRI,188,ISO 3166-2:CR,Americas,Latin America and the Caribbean,Central America,19,419,13,San Jose,Costa Rican Colon,CRC,3773057
El Salvador,SV,SLV,222,ISO 3166-2:SV,Americas,Latin America and the Caribbean,Central America,19,419,13,San Salvador,El Salvador Colon,SVC,6237662
France,FR,FRA,250,ISO 3166-2:FR,Europe,Western Europe,,150,155,,Paris,Euro,EUR,59551227
Gibraltar,GI,GIB,292,ISO 3166-2:GI,Europe,Southern Europe,,150,39,,Gibraltar,Gibraltar Pound,GIP,27649
Haiti,HT,HTI,332,ISO 3166-2:HT,Americas,Latin America and the Caribbean,Caribbean,19,419,29,Port-au-Prince,Gourde,HTG,6964549
Iraq,IQ,IRQ,368,ISO 3166-2:IQ,Asia,Western Asia,,142,145,,Baghdad,Iraqi Dinar,IQD,23331985
Korea (Democratic People's Republic of),KP,PRK,408,ISO 3166-2:KP,Asia,Eastern Asia,,142,30,,Pyongyang,North Korean Won,KPW,21968228
Liechtenstein,LI,LIE,438,ISO 3166-2:LI,Europe,Western Europe,,150,155,,Vaduz,Swiss Franc,CHF,32528
Martinique,MQ,MTQ,474,ISO 3166-2:MQ,Americas,Latin America and the Caribbean,Caribbean,19,419,29,Fort-de-France,Euro,EUR,418454
Oman,OM,OMN,512,ISO 3166-2:OM,Asia,Western Asia,,142,145,,Muscat,Rial Omani,OMR,2622198
Niger,NE,NER,562,ISO 3166-2:NE,Africa,Sub-Saharan Africa,Western Africa,2,202,11,Niamey,CFA Franc BCEAO,XOF,10355156
Panama,PA,PAN,591,ISO 3166-2:PA,Americas,Latin America and the Caribbean,Central America,19,419,13,Panama,balboa,PAB,2845647
Qatar,QA,QAT,634,ISO 3166-2:QA,Asia,Western Asia,,142,145,,Doha,Qatari Rial,QAR,769152
San Marino,SM,SMR,674,ISO 3166-2:SM,Europe,Southern Europe,,150,39,,San Marino,Euro,EUR,27336
South Africa,ZA,ZAF,710,ISO 3166-2:ZA,Africa,Sub-Saharan Africa,Southern Africa,2,202,18,Pretoria,Rand,ZAR,43586097
Tajikistan,TJ,TJK,762,ISO 3166-2:TJ,Asia,Central Asia,,142,143,,Dushanbe,Somoni,TJS,6578681
Turks and Caicos Islands,TC,TCA,796,ISO 3166-2:TC,Americas,Latin America and the Caribbean,Caribbean,19,419,29,Cockburn Town,US Dollar,USD,18122
Uzbekistan,UZ,UZB,860,ISO 3166-2:UZ,Asia,Central Asia,,142,143,,Tashkent,Uzbekistan Sum,UZS,25155064
